Name,Family,Color(s),Place of Origin,Countries Where It Grows,Importance in Industry,Historical Significance,Nutritional Benefits,Medicinal Uses,Interesting Chemicals
Citron,Rutaceae (Citrus family),Bright yellow when ripe,Southeast Asia (India or nearby regions),"India, China, Japan, Mediterranean countries like Italy and Greece","Used for candied peels, flavorings, essential oils in perfumes and aromatherapy; significant in religious rituals",One of the oldest citrus fruits; used in Jewish rituals during the festival of Sukkot as the Etrog,"Rich in vitamin C, dietary fiber, and antioxidants","Traditionally used to treat digestive issues, nausea, and skin conditions","Contains limonene, citral, and bioflavonoids"
Kumquat,Rutaceae (Citrus family),Bright orange to yellow-orange,China,"China, Japan, Southeast Asia, the United States (Florida, California)","Consumed fresh, used in marmalades, jellies, candies, and liqueurs",Cultivated for centuries in China; symbolizes good luck and prosperity,"High in vitamin C, fiber, and antioxidants",Used in traditional Chinese medicine for coughs and sore throats,Rich in essential oils like limonene and pinene
Orange,Rutaceae (Citrus family),Bright orange,Southeast Asia (possibly southern China),"Brazil, United States, India, China, Spain, Mexico","Widely consumed fresh and as juice; used in marmalades, candies, and flavorings; essential oils used in cosmetics and cleaning products",Introduced to Europe via trade routes; became a symbol of luxury and health,"Excellent source of vitamin C, fiber, folate, and antioxidants",Supports immune function; used in aromatherapy for its uplifting scent,"Contains hesperidin, limonene, and flavonoids"
Lemon,Rutaceae (Citrus family),Bright yellow,Northeast India or China,"India, Mexico, Argentina, Spain, United States","Used in beverages (lemonade), cooking, baking, cleaning products, cosmetics, and aromatherapy",Used by sailors to prevent scurvy; symbol of cleanliness and freshness,"High in vitamin C, flavonoids, and potassium","Aids digestion, boosts immunity, used in traditional remedies for sore throats","Contains citric acid, limonene, and ascorbic acid"
Lime,Rutaceae (Citrus family),Green when ripe,Southeast Asia (Malaysia and Indonesia),"Mexico, India, Argentina, Brazil, the United States","Used in beverages (like margaritas), culinary dishes, perfumes, and cleaning products","British sailors used limes to prevent scurvy, leading to the nickname ""Limey""","High in vitamin C, antioxidants","Supports immune system, aids in iron absorption","Contains limonene, citric acid, and flavonoids"
Grapefruit,Rutaceae (Citrus family),Yellow to pink or red flesh,Barbados (a hybrid of sweet orange and pomelo),"United States (Florida, Texas), China, South Africa, Mexico, Israel","Consumed fresh, in juices, and in dietary supplements",Discovered in the 18th century; name derived from the fruit growing in grape-like clusters,"High in vitamin C, vitamin A, fiber, and antioxidants","May aid weight loss, improve heart health, but interacts with certain medications","Contains naringin, lycopene (in pink/red varieties), and furanocoumarins"
Elderberry,Adoxaceae (Moschatel family),Dark purple to black berries,"Europe, North America","United States, Europe, parts of Asia and Africa","Used in syrups, jams, wines, and dietary supplements",Used in traditional medicine; folklore associates it with protection against evil,"Rich in vitamin C, dietary fiber, and antioxidants",Traditionally used to boost immune function and treat cold and flu symptoms,"Contains anthocyanins, flavonoids, and phenolic acids"
Gooseberry,Grossulariaceae (Currant family),"Green, yellow, red, or purple","Europe, North Africa, and western Asia","United Kingdom, Germany, Russia, India","Used in desserts, jams, and as a flavoring in beverages",Popular in British cooking; subject to cultivation bans in the U.S. in the early 1900s due to disease concerns,"High in vitamin C, fiber, and antioxidants",Used in traditional remedies for digestive issues and skin health,"Contains citric acid, flavones, and anthocyanins"
Strawberry,Rosaceae (Rose family),Bright red,Hybrid origin from North America and Chile,"United States, Turkey, Spain, Egypt, Mexico","Consumed fresh, in desserts, jams, candies, and flavorings; used in cosmetics",Cultivated since the 18th century; symbolizes love and purity,"High in vitamin C, manganese, and antioxidants","Promotes heart health, regulates blood sugar","Contains ellagic acid, anthocyanins, and flavonoids"
Blueberry,Ericaceae (Heath family),Deep blue to purple,North America,"United States, Canada, Poland, Germany, Mexico","Consumed fresh, in baked goods, jams, and as dietary supplements",Used by Native Americans for food and medicine,"High in vitamin C, vitamin K, fiber, and antioxidants","Supports brain health, reduces inflammation","Rich in anthocyanins, quercetin, and resveratrol"
Raspberry,Rosaceae (Rose family),"Red, black, purple, golden",Europe and Northern Asia,"Russia, United States, Serbia, Poland, Chile","Used in jams, desserts, flavorings, and liqueurs",Cultivated since ancient times; used medicinally in traditional European medicine,"High in fiber, vitamin C, manganese, and antioxidants","Anti-inflammatory properties, supports heart health","Contains ellagic acid, anthocyanins, and ketones"
Blackberry,Rosaceae (Rose family),Dark purple to black,Temperate regions of Europe,"United States, Mexico, Serbia, Chile, the United Kingdom","Consumed fresh, in jams, desserts, and wines",Used in traditional medicine; folklore associated with protection and healing,"High in vitamin C, vitamin K, fiber, and manganese","Antioxidant properties, supports digestive health","Contains anthocyanins, ellagic acid, and flavonoids"
Date,Arecaceae (Palm family),Golden yellow to dark brown when dried,Middle East and North Africa,"Egypt, Saudi Arabia, Iran, Algeria, United Arab Emirates","Consumed fresh and dried; used in sweets, syrups, and fermented products",Staple food in Middle Eastern cultures; mentioned in ancient texts and the Bible,"High in fiber, potassium, magnesium, and natural sugars","Energy booster, supports digestive health","Contains tannins, antioxidants like phenolics and carotenoids"
Olive,Oleaceae (Olive family),"Green to black, depending on ripeness",Mediterranean Basin,"Spain, Italy, Greece, Turkey, Morocco","Olive oil production, table olives, cosmetics, and medicinal uses",Symbol of peace and wisdom; significant in Mediterranean diets and cultures,"Rich in healthy monounsaturated fats, vitamin E, iron","Supports heart health, anti-inflammatory properties","Contains oleuropein, hydroxytyrosol, and squalene"
Peach,Rosaceae (Rose family),Yellow to reddish-orange skin; yellow or white flesh,Northwest China,"China, Italy, Spain, United States, Greece","Consumed fresh, canned, in desserts, and juices",Symbolizes immortality in Chinese culture; spread along the Silk Road,"Good source of vitamin C, vitamin A, fiber","Supports skin health, aids digestion","Contains carotenoids, flavonoids, and phenolic acids"
Apricot,Rosaceae (Rose family),"Yellow to orange, often with a red blush",China or Central Asia,"Turkey, Iran, Uzbekistan, Italy, Algeria","Consumed fresh, dried, in jams, and confectioneries",Associated with fertility and good fortune; introduced to Europe by the Romans,"High in vitamin A, vitamin C, and fiber","Supports eye health, skin health","Contains beta-carotene, catechins, and amygdalin (in kernels)"
Cherry,Rosaceae (Rose family),Bright red to dark purple,Europe and Western Asia,"Turkey, United States, Iran, Italy, Spain","Consumed fresh, in pies, jams, liqueurs (like Kirsch)",Celebrated in festivals; cherry blossoms are significant in Japanese culture,"Rich in vitamin C, potassium, fiber, and antioxidants","Anti-inflammatory properties, may improve sleep quality","Contains melatonin, anthocyanins, and quercetin"
Plum,Rosaceae (Rose family),"Various shades of purple, red, yellow, or green","China, Europe, and the Americas (multiple species)","China, Romania, Serbia, the United States, Chile","Consumed fresh, dried (prunes), in jams, and desserts",Cultivated since ancient times; prunes used for their laxative effect,"High in vitamin C, vitamin K, fiber","Supports digestive health, antioxidant properties","Contains sorbitol, neochlorogenic acid, and anthocyanins"
Jackfruit,Moraceae (Mulberry family),Green to yellow-brown skin; pale yellow to orange flesh,Southwest India,"India, Bangladesh, Thailand, Indonesia, Brazil","Consumed fresh, cooked as a meat substitute, used in sweets and ice creams",One of the largest tree-borne fruits; staple in South Asian cuisines,"High in vitamin C, vitamin B6, potassium, and fiber","Supports digestion, immune function","Contains flavonoids, saponins, and lectins"
Papaya,Caricaceae (Papaya family),Green skin when unripe; yellow to orange when ripe,Southern Mexico and Central America,"India, Brazil, Indonesia, Nigeria, Mexico","Consumed fresh, in juices, salads, and as meat tenderizer","Called the ""fruit of the angels"" by Christopher Columbus","High in vitamin C, vitamin A, folate, and fiber","Aids digestion due to papain enzyme, anti-inflammatory properties","Contains papain, lycopene, and carotenoids"
Mango,Anacardiaceae (Cashew family),"Green, yellow, red, or orange skin; yellow to orange flesh","South Asia (India, Myanmar)","India, China, Thailand, Indonesia, Mexico","Consumed fresh, in smoothies, desserts, pickles, and juices","National fruit of India, Pakistan, and the Philippines; symbol of love and fertility","High in vitamin C, vitamin A, folate, and fiber","Supports eye health, digestion, immune function","Contains mangiferin, carotenoids, and terpenes"
Pineapple,Bromeliaceae (Bromeliad family),Brown to green skin; yellow flesh,South America (Brazil and Paraguay),"Costa Rica, Philippines, Brazil, Thailand, Indonesia","Consumed fresh, canned, in juices, and as a meat tenderizer",Symbol of hospitality; introduced to Europe by Christopher Columbus,"High in vitamin C, manganese, and bromelain enzyme","Aids digestion, anti-inflammatory properties","Contains bromelain, phenolic compounds, and vitamin C"
Banana,Musaceae (Banana family),Green when unripe; yellow when ripe,"Southeast Asia (Malaysia, Indonesia)","India, China, Indonesia, Brazil, Ecuador","Consumed fresh, in desserts, smoothies; staple food in many countries",One of the oldest cultivated fruits; vital in global trade,"High in potassium, vitamin B6, vitamin C, and fiber","Supports heart health, aids digestion, energy booster","Contains dopamine, serotonin precursors, and resistant starch"
Guava,Myrtaceae (Myrtle family),"Green skin; pink, white, or red flesh","Central America, Mexico","India, China, Thailand, Pakistan, Mexico","Consumed fresh, in juices, jams, and candies",Spread globally by Portuguese explorers,"Very high in vitamin C, dietary fiber, and antioxidants","Supports immune function, digestive health","Contains quercetin, lycopene, and vitamin C"
Quince,Rosaceae (Rose family),Golden yellow when ripe,"Western Asia, Iran","Turkey, China, Uzbekistan, Iran, Morocco","Used in jams, jellies, and liqueurs; often cooked due to hard flesh","Associated with love and fertility in ancient cultures; may be the ""golden apple"" of mythology","High in fiber, vitamin C, and antioxidants","Aids digestion, anti-inflammatory properties","Contains tannins, pectins, and phenolic compounds"
Medlar,Rosaceae (Rose family),Brown when ripe,"Southwest Asia, Southeastern Europe","Turkey, Iran, Germany, the United Kingdom",Consumed after bletting (over-ripening); used in jellies and desserts,Popular in medieval Europe; referenced in literature by Chaucer and Shakespeare,"Source of vitamin C, dietary fiber",Traditional remedies for constipation and digestive issues,"Contains malic acid, tannins, and pectin"
Apple,Rosaceae (Rose family),"Red, green, or yellow skin; white to pale yellow flesh",Central Asia (Kazakhstan),"China, United States, Poland, Turkey, India","Consumed fresh, in juices, pies, sauces; used in cider production","Symbolic in many cultures; ""An apple a day keeps the doctor away""","Good source of fiber, vitamin C, and antioxidants","Supports heart health, aids in weight management","Contains quercetin, pectin, and polyphenols"
Pear,Rosaceae (Rose family),"Green, yellow, brown, red",Western China,"China, United States, Italy, Argentina, Turkey","Consumed fresh, canned, in juices, and desserts",Cultivated since ancient times; symbol of immortality in Chinese culture,"High in fiber, vitamin C, and vitamin K","Aids digestion, supports heart health","Contains arbutin, chlorogenic acid, and flavonoids"
Persimmon,Ebenaceae (Ebony family),Orange to reddish-orange,China,"China, South Korea, Japan, Brazil, Italy","Consumed fresh, dried, in desserts, and puddings",Cultivated for thousands of years; important in East Asian cultures,"High in vitamin A, vitamin C, manganese, and fiber","Supports eye health, antioxidant properties","Contains tannins, betulinic acid, and catechins"
Loquat,Rosaceae (Rose family),Yellow to orange skin; white to orange flesh,Southeastern China,"China, Japan, Spain, Turkey, Brazil","Consumed fresh, in jams, jellies, and wines",Cultivated for over a thousand years; used in traditional Chinese medicine,"Good source of vitamin A, dietary fiber, and potassium",Leaves used in teas for soothing respiratory issues,"Contains amygdalin (in seeds), carotenoids, and flavonoids"
Bitter Melon,Cucurbitaceae (Gourd family),Green skin; white flesh,South Asia,"India, China, Southeast Asia, Africa, Caribbean",Used in culinary dishes for its bitter flavor; used in herbal supplements,Used in traditional medicine systems like Ayurveda and Traditional Chinese Medicine,"Contains vitamin C, vitamin A, folate","Used to manage blood sugar levels, supports digestion","Contains charantin, momordicin, and polypeptide-p"
Winter Melon,Cucurbitaceae (Gourd family),"Green skin covered with a white, waxy coating; white flesh",Southeast Asia,"China, India, Philippines, Vietnam","Used in soups, stews, candies, and teas",Important in Asian cuisines; used in traditional medicine,"Low in calories, contains vitamin C and B vitamins","Diuretic properties, aids in digestion","Contains triterpenes, flavonoids, and sterols"
Watermelon,Cucurbitaceae (Gourd family),"Green rind; red, pink, or yellow flesh",Africa (likely Namibia),"China, Turkey, Iran, Brazil, United States","Consumed fresh, in juices, and salads; seeds roasted as snacks",Depicted in ancient Egyptian art; symbol of summer,"High in vitamin C, vitamin A, and hydration","Supports hydration, contains compounds beneficial for heart health","Contains lycopene, citrulline, and beta-carotene"
Cantaloupe,Cucurbitaceae (Gourd family),Tan rind with netted texture; orange flesh,Near East or South Asia,"China, Turkey, Iran, Egypt, United States","Consumed fresh, in fruit salads, smoothies","Introduced to Europe from Armenia; named after Cantalupo, Italy","High in vitamin A, vitamin C, and potassium","Supports eye health, immune function","Contains beta-carotene, lutein, and zeaxanthin"
Honeydew Melon,Cucurbitaceae (Gourd family),Pale green to yellow rind; green to pale green flesh,France or Algeria,"China, United States, Spain, Turkey","Consumed fresh, in desserts, and fruit salads",Enjoyed since ancient times; considered a luxury fruit,"Good source of vitamin C, potassium, and B vitamins","Hydration, supports skin health","Contains cucurbitacin, folic acid, and saponins"
Galia Melon,Cucurbitaceae (Gourd family),Yellow to orange netted rind; light green flesh,Israel (hybrid of cantaloupe and honeydew),"Israel, Spain, Turkey, Morocco, United States","Consumed fresh, in fruit salads, and desserts",Developed in the 1970s; named after the breeder's daughter,"High in vitamin C, vitamin A, and potassium","Supports immune function, hydration","Contains beta-carotene, antioxidants"
Durian,Malvaceae (Mallow family),Green to brown spiky rind; yellow to red flesh,Borneo and Sumatra (Southeast Asia),"Thailand, Malaysia, Indonesia, Philippines","Consumed fresh, in candies, ice creams, and pastries","Known as the ""King of Fruits"" in Southeast Asia","High in vitamin C, potassium, dietary fiber","Traditionally used as an aphrodisiac, supports energy levels",Contains sulfur compounds contributing to its strong odor
Mangosteen,Clusiaceae (Garcinia family),Dark purple rind; white segmented flesh,Southeast Asia (Indonesia or Malaysia),"Thailand, Indonesia, Malaysia, Philippines","Consumed fresh, in juices, and supplements","Known as the ""Queen of Fruits""; folklore claims it was Queen Victoria's favorite","Rich in vitamin C, fiber, and antioxidants","Anti-inflammatory properties, supports immune health","Contains xanthones, catechins, and polyphenols"
Dragon Fruit (Pitaya),Cactaceae (Cactus family),Bright pink or yellow rind; white or red flesh with black seeds,Central America,"Vietnam, Thailand, Mexico, China, Nicaragua","Consumed fresh, in smoothies, salads, and desserts",Introduced to Asia by French settlers; became popular for its striking appearance,"Good source of vitamin C, iron, magnesium, and fiber","Antioxidant properties, supports gut health","Contains betacyanins, lycopene, and prebiotic fibers"
Star Fruit (Carambola),Oxalidaceae (Wood sorrel family),Yellow to light green,Southeast Asia,"Malaysia, Philippines, India, Brazil, United States (Florida)","Consumed fresh, in juices, salads, and garnishes",Used in traditional Asian cuisines; valued for its unique shape,"High in vitamin C, fiber, and antioxidants","Supports digestion, anti-inflammatory properties","Contains caramboxin (can be harmful to kidney patients), flavonoids"
Lychee,Sapindaceae (Soapberry family),Rough red rind; translucent white flesh,Southern China,"China, India, Thailand, Vietnam, South Africa","Consumed fresh, canned, in desserts, and beverages",Delicacy in ancient Chinese imperial courts,"High in vitamin C, potassium, and antioxidants","Supports immune function, antioxidant properties","Contains oligonol, flavonoids, and polyphenols"
Rambutan,Sapindaceae (Soapberry family),Red or yellow rind with hair-like spines; translucent white flesh,Malaysia and Indonesia,"Thailand, Malaysia, Indonesia, Philippines","Consumed fresh, in desserts, and jams","Name derives from the Malay word for hair (""rambut"")","Good source of vitamin C, iron, and fiber","Supports digestive health, antioxidant properties","Contains gallic acid, corilagin, and flavonoids"
